author;title;language
Getz, A. Gene ; 101 princípov vodcovstva  ;   ;
Advent- Orion 2009, A. Richard  ; 15 klúčov k pochopeniu jedinečného Jeruzalema ;   ;
Aha, A. Richard ; 17 zákonov tímovej práce  ;   ;
Allender, A.D.S.  ; 21 zákonov vodcovstva ;   ;
Allmen Von Jacques-Jean, Angela a Brendan ; 90 minút v nebi ;   ;
Andrej, Antonio ; Adoptovaní Bohom  ;   ;
Baglio, B. Dan  ; Ak chceš chodiť po vode, musíš vystúpiť z lode  ;   ;
Baldwinová, B.H.  ; Ako chytať v žite ;   ;
Bedrich, Baltík ; Ako Janko Oriešok porazil draka ;   ;
Beliš, Benny  ; Ako žiť s rodičmi a nezblázniť sa ;   ;
Bennett, Bill ; Animátor a život malého spoločenstvo  ;   ;
Bennett, Bill ; Anjel väzňov Mathilda Wrede ;   ;
Bevere, Bill  ; Bázeň pred Hospodinem ;   ;
Bevere, Bill  ; Belko biely baranček  ;   ;
Bevere, Bill  ; Bez Boha na svete ;   ;
Bevere, Bill  ; Bez strachu ;   ;
Bevere, Bill  ; Bezpečnosť, istota a radosť ;   ;
Bonnke, Billy B.  ; Biblia pre drobčekov  ;   ;
Bonnke, Brat  ; Biblická konkordancia ;   ;
Bonnke, Bratislava  ; Biblický slovník  ;   ;
Briten, Bratislava  ; Bláznivá láska  ;   ;
Britten, Bratislava ; Bližšie k Bohu  ;   ;
BTM, Bratislava ; Bojište v mysli ;   ;
Busch, Bruce a Carol  ; Boží plán pre tvoje peniaze ;   ;
Buschová, Buhne ; Boží plán pre tvoje peniaze ;   ;
Clendennen, C. John ; Božie volanie ;   ;
Cloud, C. John  ; Breviár hríchu  ;   ;
Cutting, C.O. ; C.S. Lewis Poutník krajinou fantazie  ;   ;
Davis, Carol a Bruce  ; Cudzie telá v nás ;   ;
De Joseph, Carolyn  ; Čas na zamyslenie ;   ;
Desboisová, Clarence H. ; Čas sa kráti  ;   ;
Dobson, Clarence H. ; Často kladené otázky  ;   ;
Ekman, Daniel ; Čintet  ;   ;
Ekman, Daniel ; Čo bude s týmto svetom  ;   ;
Ekman, Darlene  ; Darček  ;   ;
Ekman, Denis  ; Dedo, vyzdravieš? ;   ;
Eldredge, Denos ; Die Beste nachricht aller Zeiten  ;   ;
Eldredge, Derek ; Dieťa pokoja  ;   ;
Eldredge, Derek ; Dopraj duši raj ;   ;
Eldredge, Derek ; Dorie, dievča, ktoré nikto nemal rád  ;   ;
Exupéry, Derek  ; Dôverní spojenci  ;   ;
Fankhauser, Don ; Duchovné dary ;   ;
Farkasová, Don  ; Duchovní vodca  ;   ;
Farverová, Dr. James  ; Duchovný pokrm  ;   ;
Gazda, Dr. Willard F  ; Duchovný rast a zrelosť na skupinkách ;   ;
GBV, Dr.Karol ; Duše vedy ;   ;
GBV, Emil ; EMOCE dá sa im veriť? ;   ;
GBV, F. Paul  ; Evangelizace ohňem  ;   ;
Giono, Francine ; Evanjelium podľa jána ;   ;
GNE, Francine ; Evanjelium podľa jána ;   ;
Goforthová, Francis ; Finanční sloboda  ;   ;
Grieg, Francois ; Formovaní vedoucího ;   ;
Grieg, Frank  ; Galilejský  ;   ;
Guarinelli, G.  ; H2O cesta viery ;   ;
Hagin, Gary ; Hľadanie Boha ;   ;
Hagin, Gerd ; Hojenie zranených emócií  ;   ;
Hagin, Gertrud  ; Hranice, kedy povedať nie a kedy áno  ;   ;
Harley, Jr., Gitt ; Hudba radosť i služba ;   ;
Harris, Gottfried ; Huhuluja  ;   ;
Harris, Greg  ; Humor za kostelem III.  ;   ;
Hinn, Guy ; Chatrč  ;   ;
Hlas pre Krista, Hannah ; Chcel by si spoznať Boha osobne?  ;   ;
Hunčár, Henry ; Chceš ma milovať? ;   ;
Hunčár, Hwee Hwee ; Chceš sa stať misionárom? ;   ;
Hunčár, Charles ; Chráň svoje srdce ;   ;
Hybels, Charles ; Jak rici jinak mám ťe rád ;   ;
Chan, I. M. ; Jak se dobre pohadat s partnerem  ;   ;
Chapman, J. William ; Jak studovat bibli  ;   ;
Chevreau, Jackie  ; Jazyk kormidlo Tvojho života  ;   ;
Ježiš pre každého, Ján  ; Je to tá pravá? ;   ;
Jílek, Jana ; Ježiš náš osud  ;   ;
Johnson, Jasia  ; Ježiš naša skutočná nádej ;   ;
Johnson, Jean ; Jonatan ;   ;
Joyner, Jennifer  ; Kauza Ježiš ;   ;
Kettling, Joachim ; Kauza Stvoriteľ ;   ;
Kiene, John ; Kauza viera ;   ;
Kingsburyová, John  ; Kľúče 1 ;   ;
Komárik, John ; Kľúče 2 ;   ;
Kožlejová, John ; Kľúče 3 ;   ;
La Riviere, John  ; Kniha Daniel  ;   ;
Lack, John  ; Kniha O a O pre násťročných ;   ;
Langhammer, John  ; Konvalinky  ;   ;
Leman, John ; Kráľovská tvorivosť ;   ;
Lotzová-Grahamová Anne, John  ; Krevní smlouva  ;   ;
Lucado, John  ; Krvavý mesiac na obzore ;   ;
MacArthur, John ; Krvavý mesíc na obzoru  ;   ;
Malm, John  ; Kto si ADAM?  ;   ;
Malm, Josef ; Kurz služobník  ;   ;
Marshall, Josh  ; Kým si, ked sa nik nepozerá?  ;   ;
Maureder, Josh  ; Láska a manželstvo  ;   ;
Maxwell, Josh ; Láska, cesta k vítezství  ;   ;
Maxwell, Josh ; List pre teba!  ;   ;
Mazzi, Josh Michael ; List príteli v depresi  ;   ;
MBS, Joshua ; Listy Jánove Život v Božom svetle a láske ;   ;
McCouley, Joshua  ; Malý princ  ;   ;
McDowell, Joyce ; Mám problém ;   ;
McDowell, Joyce ; Mezi mužem a ženou  ;   ;
McDowell, Joyce ; Moje túžby, tvoje túžby ;   ;
McDowell, Joyce ; Môže byť láska hriechom ;   ;
MCDowell, Joyce ; Muž, který sázel stromy ;   ;
Meyer, Joyce  ; My dva spolu  ;   ;
Meyer, Joyce G. ; Na ceste k učenictví  ;   ;
Meyer, Jr. Cornelius  ; Náboženstvo alebo viera v evanjelium  ;   ;
Meyer, Karen  ; Nádej pre budúcnosť ;   ;
Meyer, Ken  ; Najdi v sobe silu radosti ;   ;
Meyer, Kenneth E. ; Najšťastnejší ľudia na zemi ;   ;
Mika, Kenneth E.  ; Narodil sa Kristus Pán  ;   ;
MPK, Kenneth E. ; Naše svaté Povolání ;   ;
MS EJK, Kevin ; Neuhasitelné uctívaní ;   ;
MS EJK, Kristína  ; New Testament ;   ;
MS EJK, Kristína  ; Odpustenie hriechov ;   ;
MSEJK, Ladislav ; Oheň jeho svätosti  ;   ;
Myers, Leen ; Otvorená cirkev ;   ;
Myers, Mack ; Perfekcionizmus ;   ;
Myers, Magnus ; Pet jazyku lásky  ;   ;
Myers, Magnus ; Pod Božou ochranou  ;   ;
Nagajová, Mariateresa ; Podme sa rozprávať  ;   ;
Nee, Marino ; Porozumet Božímu volání ;   ;
Nee, Martin ; Postrach Longfieldu ;   ;
Nilsson, Martin ; Posvätná romanca  ;   ;
Nitsche, Martin ; Povolanie ;   ;
Nystrom, Martin H.  ; Požehnání až do špiček bot  ;   ;
Ogden, Maruška  ; prekvapujúce manželstvá ;   ;
Ortberg, Matt ; Príbehy novej zmluvy1 ;   ;
Osborn, Matt  ; Príhody pohotovostného lekára ;   ;
Padovani, Matt  ; Prvolezec ;   ;
Pahls, Max  ; Prvolezec ;   ;
Parodi, Miroslav  ; Raz ma z teba porazí  ;   ;
Pearcyová, Nick ; Revolúcia lásky ;   ;
Peretti, Oswald J.  ; Rituál  ;   ;
Petersen, Pete  ; Rozhovory s Bohom ;   ;
Piper, Pete ; Rozprava o adamovi  ;   ;
Plantinga, R. Nancy ; Rozprávaj o Bohu  ;   ;
Pollard, Reinhard ; Ruky preč od okultizmu a povery!  ;   ;
Potúček Juraj, Reinhard ; Satanová návnada  ;   ;
Prince, Reinhard  ; Sedem vecí, ktoré by si mal vedieť o božskom uzdravení  ;   ;
Prince, Reinhold  ; Seden darov ducha svätého ;   ;
Prince, Rick  ; Sex šlahačka na torte ;   ;
Prince, Richard ; Sex začína v kuchyni  ;   ;
Prince, Richard ; Sluha ;   ;
Pstirčák, Rosalinda ; Služobné dary ;   ;
Pupík, Rudi ; Smädný po Tebe  ;   ;
Raus, Sam ; Srdce v ohni  ;   ;
Redman, Serge a Carolle ; Sto spôsobov na zjednodušenie vášho života  ;   ;
Redman, Sergio  ; Studnice vody živé  ;   ;
Rees, Siegfried ; Svedok  ;   ;
Rehák, Slavomír ; Svedok  ;   ;
Revolution, Stanislav ; Tajomstvá milovania ;   ;
Richardson, Stefano ; Tajomstvá osoby Ježiša Krista ;   ;
Riversová, Sten ; Tančíme, protože neumíme létat  ;   ;
Riversová, T.L. ; Televízia v naších rukách ;   ;
RKC, Tom  ; Težký rok ;   ;
Rosenium, Tomáš ; Tu som pošli ma ;   ;
Royová, Ulf ; Tvárou k zemi ;   ;
Royová, Ulf ; Uctievanie za hranicami všednosti ;   ;
Scataglini, Ulf ; Učíme sa radostne spoločne žiť  ;   ;
SES, Ulf  ; Úspešné vudcovbství ;   ;
Shakarian, Van Doris  ; Uzdravenie  ;   ;
Sheldon, Walter ; V jeho šľapajách  ;   ;
Sicková, Watchman ; Vášeň pro cirkev  ;   ;
Siracký, Watchman ; Viac ako tesár  ;   ;
Slávik, Wilhelm ; VIANOCE nový pohľad na starý príbeh ;   ;
Slovenská Biblická spoločnosť, Wilhelm  ; Vitaj duchu svätý ;   ;
Slovenská Biblická spoločnosť, WM.Paul  ; Víťazný život ;   ;
Smith, Zdeno  ; Vízia jeho slávy  ;   ;
Smith, Zsóka  ; Výnimočná Božia láska ;   ;
Sonet ; Vzájemný duchovní rúst  ;   ;
SpDsMb  ; Z chlapca kráľom  ;   ;
Stimme des Glaubens ; Z temnôt  ;   ;
Stone ; Záchrana mužskej nábožnosti ;   ;
Strobel Lee ; Zakázaná zona čarodejka ;   ;
Strobel Lee ; Zakázaná zona duchové ;   ;
Strobel Lee ; Zakázaná zona karty ;   ;
Talbot  ; Zakázaná zona kletba  ;   ;
Tan ; Základy učednictví  ;   ;
Theissen  ; Zdravie Boží dar  ;   ;
Thomas  ; Zmierenie ;   ;
Tóth  ; Znudení v kultúre zábavy  ;   ;
Ulonska ; Zrodený pre víťazstvo ;   ;
Vidal Graf  ; Žádné probuzení bez pokání  ;   ;
Vydavatelstvo Smena 1990  ; Žatva ;   ;
Wagner Jr.  ; Nekompromisná, srdce získané radikálnou láskou  ;   ;
Wellman ; Neodolatelný rebel  ;   ;
Werner  ; Medzi nebom a morom, nádej sa niekedy skrýva  ;   ;
Winter  ; … a stále živá  ;   ;
Winter  ; Nový zákon pre hokejistov ;   ;
Wolfgang  ; Drž si jazyk na uzde  ;   ;
Young ; Ako zvládať svoje emócie  ;   ;
Zattoni ; Niesť jeho prítomnosť, odkrývanie nebeských vecí  ;   ;
Zschechová  ; Nadprirodzená moc premenenej mysle  ;   ;
  ; Dieťa zmierenia ;   ;
Myers Bill, Demons Bob  ; Zakázaná zóna – KARTY 12  ; cz  ;
Myers Bill, Demons Bob  ; Zakázaná zóna – ČARODEJKA 11  ; cz  ;
Myers Bill, Riordan James ; Zakázaná zóna – KRIK 9  ; cz  ;
Myers Bill, Riordan James ; Zakázaná zóna – NEMŔTVY 8 ; cz  ;
Myers Bill, Riordan James ; Zakázaná zóna – KLIATBA 7 ; cz  ;
Myers Bill  ; Zakázaná zóna – ZAKLÍNADLO 3  ; cz  ;
Myers Bill  ; Zakázaná zóna – KLAM 2  ; cz  ;
Myers Bill  ; Zakázaná zóna – DUCHOVIA1 ; cz  ;
Meyer Joyce ; Sto spôsobov na zjednodušenie vášho života  ; sk  ;
Meyer Joyce ; Sila myšlienok – 12 statégií, ako vyhrať boj v mysli  ; sk  ;
Meyer Joyce ; Drž si jazyk na uzde  ; sk  ;
Meyer Joyce ; Ako zvládať svoje emócie – nedaj sa ovládať svojimi pocitmi ; sk  ;
Meyer Joyce ; Revolúcia lásky ; sk  ;
Meyer Joyce ; Bojisko v mysli- vyhrať bitvu ve své mysli  ; cz  ;
Meyer Joyce ; Formování vedoucího – základné predpoklady vedúceho podľa Božieho srdca ; cz  ;
Eldredge John, Eldredge Stasi ; Očarujúca ; sk  ;
Eldredge John ; Divoký v srdci  ; sk  ;
Eldredge John, Curtis Brent ; Posvätná romanca  ; sk  ;
Eldredge John ; Z chlapca kráľom  ; sk  ;
Eldredge John ; Neodolateľný REBEL  ; sk  ;
Bonnke Reinhard ; Čas sa kráti  ; sk  ;
Bonnke Reinhard ; Požehnání až do špiček bot – 12 skutočných životných príbehov ; cz  ;
Bonnke Reinhard ; Evangelizace ohněm – zapáliť tvoju lásku k strateným  ; cz  ;
Bonnke Reinhard ; Víra – napojení na Boží moc ; cz  ;
Bonnke Reinhard ; Škola ohně – efektívne získavanie stratených a evanjelizácia  ; cz  ;
Bevere John ; Satanova návnada – vyslobodenie zo smrteľnej pasce zranenia a pohoršenia  ; sk  ;
Bevere John ; Srdce v ohni – ako roznietiť vášeň k Bohu ; sk  ;
Bevere John ; Víťazstvo nad strachom – nenechajte sa manipulovať  ; sk  ;
Bevere John ; Pod Božou ochranou – podriaďovanie sa autoritám ; sk  ;
Bevere John ; Bližšie k Bohu – dôverný vzťah s Pánom  ; sk  ;
Bevere John ; Bázeň pred Hospodinem – objavte kľúč k dôvernému poznaniu Boha  ; cz  ;
Beverová Lisa ; Si viac než koľko vážiš – odhalenie lží a život v pravde  ; sk  ;
McDowell Josh ; Svedok – myslel si, že pozná pravdu. Tak prečo utekal?  ; sk  ;
McDowell Josh ; Tajomstvo milovania – ako dosiahnuť trvalý dôverný vzťah  ; sk  ;
McDowell Josh ; Viac ako tesár  ; sk  ;
McDowell Josh ; Nové dôkazy ktoré vyžadujú rozhodnutie  ; sk  ;
Harris Joshua ; Ani ň – jak chránit své srdce před smyslností ; cz  ;
Harris Joshua ; Vášeň pro církev – jak sed o ní zamilovat ; cz  ;
Harris Joshua ; My dva spolu – od přátelství k manželství ; cz  ;
Lucado Max  ; Boh sa priblížil  ; sk  ;
Lucado Max  ; Bez strachu – predstav si život bez strachu ; sk  ;
Chapman Gary  ; Pět jazyku lásky – nauč se hovořit jazykem lásky toho druhého ; cz  ;
Chapman Gary  ; To keby sme vedeli pred svadbou ; sk  ;
Harris Alex, Hariss Brett ; Ribiť ťažké veci – vzbura tínedžerov voči malým očakávaniam ; sk  ;
Harris Alex, Hariss Brett ; Ako začať robiť ťažké veci – robiť ťažké veci tam, kde práve si ; sk  ;
Dr.Cloud Henry, Dr.Townsend John  ; Hranice v chodzení – jak správne hledat životního partnera  ; cz  ;
Dr.Cloud Henry, Dr.Townsend John  ; Hranice – kedy povedať nie, kedy povedať áno  ; sk  ;
Kožlejová Maruška ; Ako chytať v žite ; sk  ;
Kožlejová Maruška, Valkučáková Anička ; Rozprávky ; sk  ;
Ekman Ulf ; Finanční svoboda  ; cz  ;
Ekman Ulf ; Naše svaté povolání ; cz  ;
Ekman Ulf ; Duchovní vúdce  ; cz  ;
Ekman Ulf ; Zrodený pre víťazstvo ; sk  ;
Strobel Lee ; Kauza Viera ; sk  ;
Strobel Lee ; Kauza Ježiš ; sk  ;
Strobel Lee ; Kauza Stvoriteľ ; sk  ;
Prince Derek  ; Výnimočná Božia láska ; sk  ;
Prince Derek  ; Boží plán pre tvoje peniaze ; sk  ;
Prince Derek  ; Zmierenie -tvoje stretnutie s Bohom ; sk  ;
Prince Charles  ; Jak říci jinak mám tě rád – 36 cest pro ty, co chtěji žít a milovat ; cz  ;
Radman Matt ; Tvárou k zemi ; sk  ;
Radman Matt ; Neuhasitelné uctívaní – zpět k srdci uctívaní ; cz  ;
Maxwell C. John ; 17 zákonov tímovej práce  ; sk  ;
Maxwell C. John ; 21 zákonov vodcovstva ; sk  ;
Nee Watchman  ; Víťazný život – základy normálneho kresťanského života  ; sk  ;
Nee Watchman  ; Jak studovat bibli – pratické rady , jak príjimat světlo z Božího slova ; cz  ;
Nee Watchman  ; Charakter Pánova pracovníka – jsme modelováni pro mistrovo požití ; cz  ;
Riversová Francine  ; Vykúpená láska – nadčasový príbeh odpustenia a bezpodmienečnej lásky  ; sk  ;
Riversová Francine  ; Dieťa zmierenia – príbeh o odvážnej láske k životu  ; sk  ;
Bennett A. Richard  ; Duchovný pokrm  ; sk  ;
Bennett A. Richard  ; Hľadanie Boha ; sk  ;
Hagin. E. Kenneth ; Sedem vecí, ktoré by si mal vedieť o božskom uzdravení  ; sk  ;
Hagin. E. Kenneth ; Služobné dary ; sk  ;